label,nb_events_culture,titres_events_culture,tarif_transport_etudiant,source
Abbeville,0,Aucun événement recensé,1.0,Trans'80
Achères,5,"Concert d'été ""Happy Parvis"", Atelier Arduino, fabrication d'instruments électroniques, Apprenez les secrets de la musique assistée par ordinateur (MAO) avec les artistes du collectif Ecstatic Playground., Block Party #2, Stage BMX & MAO",31.2,Imagine R - Île-de-France Mobilités
Agde,0,Aucun événement recensé,Indisponible,Non renseignée
Agen,0,Aucun événement recensé,8.75,Tempo Bus
Aix-en-Provence,6,"Atelier de recherche théâtrale autour de la Résilience, Habillage musical d'un film réalisé à partir d'archives inédites d'Aix en Provence, Résidence "" Rouvrir le Monde "" - Spectacle Pinocchio - Foyer Delta Sud Aix en Provence ( 13), Une chenille dans le coeur, ateliers intergénérationnels de lecture et jeu théâtral, autour des valeurs de l'écologie., Atelier dessin d'animation",45.0,Aix en Bus
Aix-les-Bains,0,Aucun événement recensé,Indisponible,Non renseignée
Ajaccio,0,Aucun événement recensé,47.5,CFC Corse
Albi,0,Aucun événement recensé,12.0,LibéA Mobilités
Alençon,3,"Rencontre/exposition avec l'illustratrice Giulia Torelli, Atelier peinture et collage ""Rêverie sur la mer"" (6-10 ans), Atelier peinture et collage ""Rêverie sur la mer"" (6-12 ans)",Indisponible,Non renseignée
Alfortville,3,"L'Été culturel 2024 dans les bibliothèques d'Île-de-France L'Abécédaire sportif et décalé, L’Été culturel Des livres à soi, Les rendez-vous du parc Alfortville",31.2,Imagine R - Île-de-France Mobilités
Allauch,0,Aucun événement recensé,Indisponible,Non renseignée
Alès,0,Aucun événement recensé,Indisponible,Non renseignée
Amiens,2,"L’Été culturel Des livres à soi, Olympiade culturelle et artistique d'Étouvie",Indisponible,Non renseignée
Angers,28,"rencontre à la grande flècherie, rencontre avec le conseil de quartier, Atelier Art visuel ""Cartes postales"", Exposition Paysage-matière à pensées, Petit déjeuner dessiné",21.55,Irigo
Anglet,0,Aucun événement recensé,Indisponible,Non renseignée
Angoulême,2,"VILLAGE EPHEMERE 2éme EDITION évènement culturel, arts de rue, musique, art clownesque, arts visuels et sonores., Restitution projet 'Aérobeats - 120 BPM'",Indisponible,Non renseignée
Annecy,0,Aucun événement recensé,6.67,SIBRA
Annemasse,0,Aucun événement recensé,Indisponible,Non renseignée
Antibes,0,Aucun événement recensé,27.0,Envibus
Antony,1,Les ateliers d'Eté de La Source Garouste - Des Brillants - Sculpture,31.2,Imagine R - Île-de-France Mobilités
Arcueil,8,"Spectacle ""SPORTS"" Compagnie mkcd, Spectacle ""Ekphrasis"" Collectif Impatience, Spectacle « WOZA ! » - Compagnie Ayoba, Spectacle ""Bâton – Mélanie et Perrine – out play"" Collectif Impatience, Spectacle ""Les Impromptus de Signes à l'oeil"" Cie Corps bruts",31.2,Imagine R - Île-de-France Mobilités
Argenteuil,1,Culture Autrement / Concert de TrioPolycordes - À parts égales,31.2,Imagine R - Île-de-France Mobilités
Arles,3,"Chants et mémoires de notre patrimoine, (auto)portrait de femmes, Concert et expo sonore",Indisponible,Non renseignée
Armentières,0,Aucun événement recensé,Indisponible,Non renseignée
Arras,10,"Atelier Radio Live + nuit “jam radio”, Mon Cinéma d'été · BON VOYAGE DIMITRI !, Mon Cinéma d'été · PETITS CONTES SOUS L'OCÉAN, Mon Cinéma d'été · SAUVAGES en avant-première, Mon Cinéma d'été · LES TRIPLETTES DE BELLEVILLE",Indisponible,Non renseignée
Asnières-sur-Seine,1,Rendez-vous du parc Asnière,31.2,Imagine R - Île-de-France Mobilités
Athis-Mons,8,"Festival Les Bords d'été #4, Les Yourtes Dans Ma Ville à Athis Mons / Clos Nollet, Du sport dans l'aire, Concert haut-perché - festival Rhizomes, Les Yourtes Dans Ma Ville à Athis-Mons / Noyer Renard",31.2,Imagine R - Île-de-France Mobilités
Aubagne,2,"""Vous avez dit Sauvage"" : ateliers théâtre et travail de la voix au micro, Résidence Arts plastiques - Nage libre ! - Doriane Millet",Indisponible,Non renseignée
Aubervilliers,12,"Scènes Nomaades #4 / Aubervilliers, Événement artistique et festif — La Fête de la moisson, Roforofo Summer Camp : concert au Point Fort d'Aubervilliers, Atelier vannage — Fête de la moisson, Atelier d'initation à l'akutuk",31.2,Imagine R - Île-de-France Mobilités
Auch,2,"Spectacle ""Jours"", Spectacle ""Jours"" avec Ça Bouge à Auch",Indisponible,Non renseignée
Aulnay-sous-Bois,2,"Cocons-cabanes - Juliette Plihon / Iorhanne Da Cunha, Olympiades circassiennes",31.2,Imagine R - Île-de-France Mobilités
Aurillac,4,"Ateliers HIPHOP (écriture / prod & Réalisation de Clips) - Les ateliers des rêveurs, Participez au projet ""Combustion"" de la compagnie PAL/SECAM - Festival International de Théâtre de Rue d'Aurillac, Participez au projet ""MULJIL"" de la compagnie Elephants Laugh - Festival International de Théâtre de Rue d'Aurillac, Participez au projet ""HOME/LAND"" de la compagnie Begat Theater - Festival International de Théâtre de Rue d'Aurillac",Indisponible,Non renseignée
Auxerre,0,Aucun événement recensé,Indisponible,Non renseignée
Avignon,2,"L'Encordée - Atelier et Résidence - ""Les Baudrières"", Après petit c'est grand?",Indisponible,Non renseignée
Bagneux,4,"Pop In Progress - Fabrique des Vendanges - résidence artistique musiques actuelles, GLISSEMENT, un été culturel à Bagneux, GLISSEMENT, Un été culturel à Bagneux, Concert Jardinal",31.2,Imagine R - Île-de-France Mobilités
Bagnolet,3,"BIFURQUER / Collectif Adelphes, Scènes Nomaades #4 / Parc des Guilands Montreuil, Spectacle : restitution du workshop Danse & Clown / Marc Lacourt + les clowns du Samovar",31.2,Imagine R - Île-de-France Mobilités
Baie-Mahault,0,Aucun événement recensé,Indisponible,Non renseignée
Bastia,0,Aucun événement recensé,Indisponible,Non renseignée
Bayonne,6,"Stage de SLAM, Stage POP-UP, Spectacle ""Mille et un objets"", RAP' LAB, Stage de MARIONNETTES",Indisponible,Non renseignée
Beaune,0,Aucun événement recensé,Indisponible,Non renseignée
Beaupréau-en-Mauges,0,Aucun événement recensé,Indisponible,Non renseignée
Beauvais,1,L’Été culturel Des livres à soi,Indisponible,Non renseignée
Belfort,0,Aucun événement recensé,Indisponible,Non renseignée
Bergerac,0,Aucun événement recensé,Indisponible,Non renseignée
Besançon,8,"Exposition de portraits en cartes postales, Spectacle musical « La Vélo-Scène » à la gare d'eau de Besançon, Atelier de portraits photographiques « Salut à toi ! », Fantastiques visites guidées à la Maison de quartier de Saint-Ferjeux, Fantastiques visites guidées à la MJC de Palente",Indisponible,Non renseignée
Bezons,1,"Création de projection itinérante ""sportive""",31.2,Imagine R - Île-de-France Mobilités
Biarritz,0,Aucun événement recensé,Indisponible,Non renseignée
Blagnac,0,Aucun événement recensé,Indisponible,Non renseignée
Blois,1,"Intervention ""Escapade culturelle dans les jardins""",Indisponible,Non renseignée
Bobigny,10,"Ateliers footstyle et jonglage, Croisière Jonglée, Nuit Blanche : « T'es ok ou t'es ko », Cocons-Cabanes - Juliette Plihon / Sidonie Rocher, Scènes Nomaades #4 / Bobigny",31.2,Imagine R - Île-de-France Mobilités
Bois-Colombes,0,Aucun événement recensé,31.2,Imagine R - Île-de-France Mobilités
Bondy,2,"L’Été culturel Des livres à soi, Les rendez-vous du parc Bondy",31.2,Imagine R - Île-de-France Mobilités
Bordeaux,3,"GAVEGRAFF 2024 interquartiers - Réalisation d'une fresque collective dans l'espace public, La Colo à danser, Spectacle ""La Beauté est dans mon quartier""",Indisponible,Non renseignée
Bouguenais,0,Aucun événement recensé,Indisponible,Non renseignée
Boulogne-Billancourt,0,Aucun événement recensé,31.2,Imagine R - Île-de-France Mobilités
Boulogne-sur-Mer,0,Aucun événement recensé,Indisponible,Non renseignée
Bourg-en-Bresse,2,"Micro-Folie x Freestyle Extra, Rouvrir le monde avec les jeunes diplômé·es de la Villa Arson - Silvio Demoro",Indisponible,Non renseignée
Bourg-la-Reine,2,"Les ateliers d'Eté de La Source Garouste - Des Brillants - Atelier Sculpture, L'Abécédaire sportif et décalé",31.2,Imagine R - Île-de-France Mobilités
Bourges,1,"Intervention ""Escapade culturelle dans les jardins""",Indisponible,Non renseignée
Bourgoin-Jallieu,4,"LE PETIT BAL – MAISONS DES HABITANTS DE CHAMP-FLEURI – COMPAGNIE LES PHOSPHORESCENTES EN SCÈNE, FROU-FROU : RÉTROPÉDALAGE HISTORIQUE POUR EN DÉCOUDRE AVEC LA ROBE ! COMPAGNIE LA BELLE TRAME, LE PETIT BAL – MAISONS DES HABITANTS DE CHAMPARET – COMPAGNIE LES PHOSPHORESCENTES EN SCÈNE",Indisponible,Non renseignée
Brest,1,Fenêtres Ouvertes #5,30.0,Bibus
Brive-la-Gaillarde,0,Aucun événement recensé,Indisponible,Non renseignée
Bron,3,Atelier Fanfare In Situ,Indisponible,Non renseignée
Bruay-la-Buissière,0,Aucun événement recensé,Indisponible,Non renseignée
Bruges,0,Aucun événement recensé,Indisponible,Non renseignée
Brunoy,6,"OuVERTures / TM+ / Fantaisie et chant d'amour, Doubles Jeux #03 (Sport et Cinéma en Essonne) – Le Monde de Nemo – Ciné-Piscine sous les étoiles, OuVERTures / Le Cercle de l'Harmonie / Quatuor Viva Verdi, OuVERTures / Baroque Nomade / Sur un Rameau de fleurs, OuVERTures / La Tempesta / Quatuor de Ravel",31.2,Imagine R - Île-de-France Mobilités
Brétigny-sur-Orge,12,"Doubles Jeux #03 (Sport et Cinéma en Essonne) – Les Trois mousquetaires : D'Artagnan de Martin Bourboulon – Avant Match (Cinéma et escrime), Lectures hors les murs, Spectacle « Top Chrono », Retransmission des épreuves des Jeux Paralympiques de Paris 2024, Doubles Jeux #03 (Sport et Cinéma en Essonne) –  Atelier animation",31.2,Imagine R - Île-de-France Mobilités
Bussy-Saint-Georges,1,L'Été culturel 2024 dans les bibliothèques d'Île-de-France L'Abécédaire sportif et décalé,31.2,Imagine R - Île-de-France Mobilités
Bègles,0,Aucun événement recensé,Indisponible,Non renseignée
Béthune,0,Aucun événement recensé,Indisponible,Non renseignée
Béziers,0,Aucun événement recensé,Indisponible,Non renseignée
Cachan,9,"Soirées contes, Les ateliers d'Eté de La Source Garouste - Des Brillants - Atelier BD, Les ateliers d'Eté de La Source Garouste - Des Brillants - Rap, Stage danse et percussions africaines, Soirée-spectacle : shows de danse, dîner et bal",31.2,Imagine R - Île-de-France Mobilités
Caen,0,Aucun événement recensé,Indisponible,Non renseignée
Cagnes-sur-Mer,2,"Rouvrir le monde avec les jeunes diplômé·es de la Villa Arson - Emika Lannelongue, Rouvrir le monde avec les jeunes diplômé·es de la Villa Arson - Morgane MANILEVE et Jeanne APERGIS",Indisponible,Non renseignée
Calais,1,"Spectacle ""3 pour 2""",Indisponible,Non renseignée
Caluire-et-Cuire,1,Un été avec l'EOC - Récital de violoncelle,Indisponible,Non renseignée
Cambrai,2,"Fresque collaborative ""Faire ensemble"", Atelier de tissage ""Tisser des liens""",Indisponible,Non renseignée
Cannes,1,L'Été culturel Des livres à soi,Indisponible,Non renseignée
Carcassonne,0,Aucun événement recensé,Indisponible,Non renseignée
Carpentras,1,L'Été culturel Des livres à soi,Indisponible,Non renseignée
Carquefou,2,"Exposition Sous la terre, les dragons, Visites exceptionnelles des réserves !",Indisponible,Non renseignée
Castelnau-le-Lez,0,Aucun événement recensé,Indisponible,Non renseignée
Castres,0,Aucun événement recensé,Indisponible,Non renseignée
Cavaillon,0,Aucun événement recensé,Indisponible,Non renseignée
Cayenne,1,Cie Tempor'Air - Roulez Tambou!,Indisponible,Non renseignée
Cenon,0,Aucun événement recensé,Indisponible,Non renseignée
Cergy,7,"20 ans de la Ruche, D-DAY, Ateliers découverte du Parkour, L'Été culturel 2024 dans les bibliothèques d'Île-de-France L'Abécédaire sportif et décalé, La ville du chat obstiné - Blöffique Théâtre",31.2,Imagine R - Île-de-France Mobilités
Challans,0,Aucun événement recensé,Indisponible,Non renseignée
Chalon-sur-Saône,8,"Concert participatif « Le voyage du quatuor Jaspe » au service de pédiatrie du Centre hospitalier William Morey, Concert participatif « Le voyage du quatuor Jaspe » à l'Ehpad Roger Lagrange, « Des livres à soi » à la Direction de la petite enfance du Grand Chalon, « Raconte-moi une histoire » à la Maison de quartier des Aubépins, « Raconte-moi une histoire » à la Maison de quartier des Prés Saint-Jean",Indisponible,Non renseignée
Chambéry,6,"Atelier Artistique (théâtre marionnettes chant), Stage GRAFF et Art Plastique, STAGE Pop up 3-14 ans, IMMERSION CULTURELLE, Fabrique Culturelle - F.J.T en Fête / temps fort culturel (choix du titre en cours) avec un concert de Mélo Trio",Indisponible,Non renseignée
Champigny-sur-Marne,0,Aucun événement recensé,31.2,Imagine R - Île-de-France Mobilités
Champs-sur-Marne,0,Aucun événement recensé,31.2,Imagine R - Île-de-France Mobilités
Charenton-le-Pont,0,Aucun événement recensé,31.2,Imagine R - Île-de-France Mobilités
Charleville-Mézières,11,"Jeunes ESTivants 2024 / Festival Mondial des Théâtres de Marionnettes - Cie XannaX Princesse Guerrière ""Hybridité #3"" & le Studio du FMTM, Ateliers sonores & rotoscopie avec Marie-Laure Picard / Bip3, Olympiade Culturelle _ Echappée Belle #3, L’Été culturel Des livres à soi, Les Apprentis Sorciers / Quand le skate et la poésie d'Arthur Rimbaud entrent en résonance",Indisponible,Non renseignée
Chartres,2,"Les Petits Curieux des Sons, Intervention ""Escapade culturelle dans les jardins""",Indisponible,Non renseignée
Chatou,0,Aucun événement recensé,31.2,Imagine R - Île-de-France Mobilités
Chaumont,2,"Jeunes ESTivants 2024 - Grimoire&Chandelles ""Reclaim : au cœur de l'obscur"" & Ligue de l'Enseignement 52, Jeunes ESTivants 2024 - Studio Dynamo ""Résidence Meunier/Le Clainche"" & Le Signe",Indisponible,Non renseignée
Chaville,2,"OuVERTures / La Tempesta / Quatuor de Ravel, L'Abécédaire sportif et décalé",31.2,Imagine R - Île-de-France Mobilités
Chelles,28,"Visite d'atelier - résidence de Thomas Levy-Lasne au Centre d'art Les Eglises, Par les quartiers : Apérotomanie de la Cie Dérézo, Cyclobal à la résidence Trinquand, Concert Alexandre Vieira, 22ᵉ anniversaire des Cuizines : I'm ""still"" not a grrrl !",31.2,Imagine R - Île-de-France Mobilités
Chemillé-en-Anjou,1,séjours culturel,Indisponible,Non renseignée
Cherbourg-en-Cotentin,2,"Résidence Soudain l'été prochain : Lucie Bombasaro, Résidence ""Soudain l'été prochain"" : Solène Langlais",Indisponible,Non renseignée
Choisy-le-Roi,2,"Résonances musicales | Trio Parrhèsia au conservatoire de Choisy-le-Roi, L'Été culturel 2024 dans les bibliothèques d'Île-de-France L'Abécédaire sportif et décalé",31.2,Imagine R - Île-de-France Mobilités
Cholet,0,Aucun événement recensé,Indisponible,Non renseignée
Châlons-en-Champagne,1,La Fabrique du livre jeunesse #5_Atelier avec Alexandra Pichard,Indisponible,Non renseignée
Châteauroux,0,Aucun événement recensé,Indisponible,Non renseignée
Châtellerault,0,Aucun événement recensé,Indisponible,Non renseignée
Châtenay-Malabry,1,L'Entresort fond vert : cinéma forain du XXIe siècle,31.2,Imagine R - Île-de-France Mobilités
Châtillon,0,Aucun événement recensé,31.2,Imagine R - Île-de-France Mobilités
Clamart,20,"Rencontre-atelier : l'imaginaire dans les jeux vidéos, Atelier numérique : exploration du monde d'Hyrule, Atelier marionnettes et théâtre d'ombres, Exposition des créations de l'été, La fête du Poussin Masqué",31.2,Imagine R - Île-de-France Mobilités
Clermont-Ferrand,4,"Atelier Cinéma : Entre nos mains, Résonance croisée, Work Work, Work! Work!",Indisponible,Non renseignée
Clichy,2,"Encore en corps - spectacle de danse, L'entresort fond vert : cinéma forain du XXIe siècle",31.2,Imagine R - Île-de-France Mobilités
Clichy-sous-Bois,11,"Ateliers yoga - Alors on bouge ?, L’Été culturel Des livres à soi, Scènes Nomaades #4 / Clichy-sous-Bois, Atelier doublage - Alors on joue ?, Ateliers acrobaties  - Alors on bouge ?",31.2,Imagine R - Île-de-France Mobilités
Colmar,2,"Jeunes ESTivants 2024 - Anouck Constant et Charlotte Bresler ""Raconte-moi une histoire"" & le Lézard, La Fabrique du livre jeunesse #5_Atelier avec Sandra Poirot Chérif",Indisponible,Non renseignée
Colombes,8,"Workshop breakdance et Battle 1vs1 freestyle - Fusion Concept, Papet and co x Colombes, Manga en mouvement, L'Été culturel 2024 dans les bibliothèques d'Île-de-France L'Abécédaire sportif et décalé, Danse avec ton livre",31.2,Imagine R - Île-de-France Mobilités
Colomiers,0,Aucun événement recensé,Indisponible,Non renseignée
Combs-la-Ville,2,"Fusion concept show à Combs-la-Ville, L'Oreille Bronzée !",31.2,Imagine R - Île-de-France Mobilités
Compiègne,0,Aucun événement recensé,Indisponible,Non renseignée
Concarneau,3,"L’Été culturel Des livres à soi, Ruy Blas d'après Victor Hugo, Les Flottantes",Indisponible,Non renseignée
Conflans-Sainte-Honorine,0,Aucun événement recensé,31.2,Imagine R - Île-de-France Mobilités
Corbeil-Essonnes,45,"Le lièvre, la tortue…le blaireau/ Festival « les Yourtes dans ma ville », Ateliers participatifs en archéologie dans le cadre de l'Evènement ""Yourtes dans ma ville"", « Des Yourtes dans ma Ville » à Corbeil-Essonnes, Spectacle Barak'Théâtre, Barak'Théâtre - 23 août - Déambulation artistique",31.2,Imagine R - Île-de-France Mobilités
Cormeilles-en-Parisis,0,Aucun événement recensé,31.2,Imagine R - Île-de-France Mobilités
Coudekerque-Branche,0,Aucun événement recensé,Indisponible,Non renseignée
Courbevoie,0,Aucun événement recensé,31.2,Imagine R - Île-de-France Mobilités
Cournon-d'Auvergne,0,Aucun événement recensé,Indisponible,Non renseignée
Couëron,0,Aucun événement recensé,Indisponible,Non renseignée
Creil,0,Aucun événement recensé,Indisponible,Non renseignée
Croix,0,Aucun événement recensé,Indisponible,Non renseignée
Créteil,6,"L'Été culturel 2024 dans les bibliothèques d'Île-de-France L'Abécédaire sportif et décalé, Festival Vive l'Art Rue « Les Jeux Olympiques à la Croix des Mèches à Créteil », Ateliers théâtraux intergénérationnels (session 2), Ateliers théâtraux intergénérationnels (session 1), Représentation du Choeur des oiseaux de Wajdi Mouawad",31.2,Imagine R - Île-de-France Mobilités
Cugnaux,1,Stage Cirque et Sciences,Indisponible,Non renseignée
Dammarie-les-Lys,0,Aucun événement recensé,31.2,Imagine R - Île-de-France Mobilités
Dax,0,Aucun événement recensé,Indisponible,Non renseignée
Denain,0,Aucun événement recensé,Indisponible,Non renseignée
Deuil-la-Barre,1,Atelier teinture naturelle,31.2,Imagine R - Île-de-France Mobilités
Dieppe,1,"Ateliers : ""Ecoutez Voir""",Indisponible,Non renseignée
Dijon,24,"Atelier graphique « Les Outils de la Minoterie », Atelier de pratique artistique « Micro-zoom » avec l'artiste Armand Louet à  L'Archipel, Atelier de pratique artistique « La Termitière » avec l'artiste Nathan Carême au Cercle laïque dijonnais, Atelier de pratique artistique « La Termitière » avec l'artiste Nathan Carême au Tempo, Atelier de pratique artistique « Modeler - pincer - décorer » avec l'artiste Camille Seveno au centre de loisirs Marie Noël",Indisponible,Non renseignée
Dole,1,Mes vacances musicales avec Alice Waring,Indisponible,Non renseignée
Douai,0,Aucun événement recensé,Indisponible,Non renseignée
Draguignan,1,L'Été culturel Des livres à soi,Indisponible,Non renseignée
Drancy,1,L’Été culturel Des livres à soi,31.2,Imagine R - Île-de-France Mobilités
Draveil,1,Breaking en Herbe,31.2,Imagine R - Île-de-France Mobilités
Dreux,0,Aucun événement recensé,Indisponible,Non renseignée
Dumbéa,0,Aucun événement recensé,Indisponible,Non renseignée
Dunkerque,16,"TRAPEZE, Le quartet, Initiation à l'escrime avec la Salle d'armes Jean Bart, The Bikeriders (VF) - Les débats de l'été, Le Roman de Jim - Ciné-Quiz, Cinéma plein air",Indisponible,Non renseignée
Décines-Charpieu,0,Aucun événement recensé,Indisponible,Non renseignée
Eaubonne,10,"Eaubonne en Fête - Show breakdance, Eaubonne en Fête - Pizza Puppet, Eaubonne en Fête - Connivences, Spectacle ""Looking for"" - Cie Allégorie, Spectacle ""Copyleft"" - Cie Nicanor de Elia",31.2,Imagine R - Île-de-France Mobilités
Ermont,0,Aucun événement recensé,31.2,Imagine R - Île-de-France Mobilités
Eysines,0,Aucun événement recensé,Indisponible,Non renseignée
Faaa,0,Aucun événement recensé,Indisponible,Non renseignée
Fleury-les-Aubrais,0,Aucun événement recensé,Indisponible,Non renseignée
Fontaine,0,Aucun événement recensé,Indisponible,Non renseignée
Fontenay-aux-Roses,1,L'Abécédaire sportif et décalé,31.2,Imagine R - Île-de-France Mobilités
Fontenay-sous-Bois,6,"""Deux Idiots Sublimes, en voyage avec Nassr Eddin Hodja"": petite forme version nomade, ""Deux Idiots Sublimes, en voyage avec Nassr Eddin Hodja"": extraits du spectacle version nomade, thé-philo + ateliers de dessin et musique numériques., L’Été culturel Des livres à soi, Projection en plein air à Fontenay-sous-Bois, Ateliers « thé-philo », dessin et musiques numériques, en compagnie de Nassr Eddin Hodja",31.2,Imagine R - Île-de-France Mobilités
Forbach,0,Aucun événement recensé,Indisponible,Non renseignée
Fort-de-France,1,"Exposition ""Ô Mes Aïeux""",Indisponible,Non renseignée
Fougères,0,Aucun événement recensé,Indisponible,Non renseignée
Franconville,0,Aucun événement recensé,31.2,Imagine R - Île-de-France Mobilités
Fresnes,9,"OuVERTures / Pulcinella & Baroque Nomade / Battle Baroque, OuVERTures / Les Paladins / Dans les rues de Naples, Concert Jardinal, Voyage en voisinage - Atelier photographique, 07/07 ● Rencontre « Toi sans qui le monde » ● Laëtitia Madancos - Compagnie l'Entaille",31.2,Imagine R - Île-de-France Mobilités
Frontignan,1,Corps en accord : intégrité physique et intime,Indisponible,Non renseignée
Fréjus,2,"Rouvrir le monde avec les jeunes diplômé·es de la Villa Arson - Murphy Yum / Théo Combaluzier, Rouvrir le monde avec les jeunes diplômé·es de la Villa Arson - Sioban Lopez Dailland et Thomas Parigi",Indisponible,Non renseignée
Gagny,1,L’Été culturel Des livres à soi,31.2,Imagine R - Île-de-France Mobilités
Gap,0,Aucun événement recensé,Indisponible,Non renseignée
Gardanne,1,Le ventre de la forêt,Indisponible,Non renseignée
Garges-lès-Gonesse,3,"Enfants Sauvages / Spectacle acrobatique / L'été culturel du Moulin Fondu, Initiation au Parkour / Été culturel du Moulin Fondu, Les ninjas / spectacle acrobatique / Été culturel du Moulin Fondu",31.2,Imagine R - Île-de-France Mobilités
Gennevilliers,3,"Encore en corps - ateliers de danse pour enfants et jeunes + diffusion, les rendez-vous du parc Gennevilliers, Ateliers Scratch avec Théo Robine-Langlois",31.2,Imagine R - Île-de-France Mobilités
Gif-sur-Yvette,0,Aucun événement recensé,31.2,Imagine R - Île-de-France Mobilités
Givors,0,Aucun événement recensé,Indisponible,Non renseignée
Gonesse,5,"Spectacle ""Pile Poil"" - Cie Les Plumés, Projection en plein air à Gonesse, Spectacle ""Looking for"" - Cie Allégorie, Spectacle ""Les patineurs"" - Cie 15FEET6, Spectacle ""Copyleft"" - Cie Nicanor de Elia",31.2,Imagine R - Île-de-France Mobilités
Goussainville,7,"Théâtre en jeu, Escape game • Cie Les Ombres portées, Les Escales - Week-end sous chapiteau / Amadou & Mariam + Eden Fight & Seenthya x Simplicity Band ..., Les Escales - Amadou & Mariam + Eden Fight & Seenthya x Simplicity Band, La Renverse • Cie Les Ombres portées, Olympiades circassiennes",31.2,Imagine R - Île-de-France Mobilités
Gradignan,1,Komonò Circus : Stages de cirque au Quartier Mineur de Bordeaux - Gradignan,Indisponible,Non renseignée
Grande-Synthe,0,Aucun événement recensé,Indisponible,Non renseignée
Grasse,6,"Mouvements - Fim & photographie. Restitution des ateliers de transmission réalisés lors de la résidence en territoire en Pays de Grasse., Mouvements - Film & Photographie. Résidence en Pays de Grasse. Ateliers de pratique sur le mouvement, les sports et valeurs de l'olympisme., Résidence ""Selva Oscura""+ transmission, Rouvrir le monde avec les jeunes diplômé·es de la Villa Arson - Léa Doussière, Mouvements - Fim & photographie. Restitution de travail en cours de résidence en territoire en Pays de Grasse.",Indisponible,Non renseignée
Grenoble,27,"Atelier • Danse le sud, Atelier • Fabrications tropicales, Atelier • Derrière les platines w/Arkeya, Nebraska Jones + La Kombinaison + Kompa Doudou Chéri, Francky goes to Pointe-à-Pitre + Tangomotán + Socade Rud",Indisponible,Non renseignée
Grigny,26,"Culture 360 au Village Vacances Tuileries, La levée des couleurs (Eté du TAG), Grigny, l'Eté sonore – Atelier de Jeux de sons des Structures Sonores Baschet"", Le lièvre, la tortue…le blaireau, Le lièvre, la tortue…le blaireau/ Village vacance Grigny",31.2,Imagine R - Île-de-France Mobilités
Gujan-Mestras,0,Aucun événement recensé,Indisponible,Non renseignée
Guyancourt,2,"Fête à l'Ermitage, L'Été culturel 2024 dans les bibliothèques d'Île-de-France L'Abécédaire sportif et décalé",31.2,Imagine R - Île-de-France Mobilités
Haguenau,1,L’Été culturel Des livres à soi,Indisponible,Non renseignée
Halluin,0,Aucun événement recensé,Indisponible,Non renseignée
Hazebrouck,0,Aucun événement recensé,Indisponible,Non renseignée
Herblay-sur-Seine,0,Aucun événement recensé,31.2,Imagine R - Île-de-France Mobilités
Houilles,17,"Vernissage de la 15ème Biennale de la jeune création, Restitution des ateliers de l'été culturel, Plan B - Camille Geoffrion, De Cuyper vs. De Cuyper - Cie Pol & Freddy, La sieste olympique / Courir les rues",31.2,Imagine R - Île-de-France Mobilités
Hyères,2,"VOYONS VOIR / Atelier participatif de représentation de données, VOYONS VOIR / Atelier Participatif de Représentation de Données",Indisponible,Non renseignée
Hénin-Beaumont,1,Ateliers artistiques de rue - Hénin-Beaumont,Indisponible,Non renseignée
Hérouville-Saint-Clair,0,Aucun événement recensé,Indisponible,Non renseignée
Illkirch-Graffenstaden,0,Aucun événement recensé,Indisponible,Non renseignée
Issy-les-Moulineaux,1,Les ateliers d'Eté de La Source Garouste - Des Brillants,31.2,Imagine R - Île-de-France Mobilités
Istres,1,Atelier musical rap Khol,Indisponible,Non renseignée
Ivry-sur-Seine,16,"Embellissons le quartier du Petit-Ivry - Fresques en ateliers participatifs, La Musique des Emotions – Cie 1 er Acte, Lecture Musicale et Théâtrale – Cie 1 er Acte, Projection en plein air à Ivry-sur-Seine, Fête de l'été & Restitution du projet ""Embellissons le quartier""",31.2,Imagine R - Île-de-France Mobilités
Joinville-le-Pont,0,Aucun événement recensé,31.2,Imagine R - Île-de-France Mobilités
Joué-lès-Tours,3,"Atelier autour du film HLM PUSSY, Atelier pocket film ""De la fourche à la fourchette"", Intervention ""Escapade culturelle dans les jardins""",Indisponible,Non renseignée
Koungou,0,Aucun événement recensé,Indisponible,Non renseignée
Kourou,0,Aucun événement recensé,Indisponible,Non renseignée
L'Haÿ-les-Roses,2,Voyage en voisinage - Voyage en Valouette,31.2,Imagine R - Île-de-France Mobilités
L'Isle-sur-la-Sorgue,5,"Atelier de Paroles - ""Oui, mais hier, c'était mieux ?""                                   
avec Alain Ubaldi et Jeanne Bred - Compagnie K.I.T., Atelier de Paroles - ""Oui, mais hier, c'était mieux ?""                                   
avec Alain Ubaldi et Jeanne Bred - Cie K.I.T., Atelier construction et animation de marionnettes avec Marion Pirault - Compagnie K.I.T., Atelier Manipulation de Marionnettes, CONCERT - Fin de résidence Eté Culturel 2024",Indisponible,Non renseignée
La Celle-Saint-Cloud,8,"La Lucarne, Concert Lola Akwa + Luz + Morjane Ténéré, Atelier lectures et contes, Stage Afro Dance Hall, Atelier danse Hip-hop",31.2,Imagine R - Île-de-France Mobilités
La Chapelle-sur-Erdre,0,Aucun événement recensé,Indisponible,Non renseignée
La Ciotat,1,"Ateliers créatifs, résidence ""Les jardins de l'Espérance""",Indisponible,Non renseignée
La Courneuve,1,OuVERTures / Pulcinella / Battle Baroque,31.2,Imagine R - Île-de-France Mobilités
La Garde,2,"Ateliers Théâtre - Le Conte d’Hiver - Initiation à la scène, à la marionnette et au clown, Sortie de Résidence autour du Conte d'Hiver de Shakespeare",Indisponible,Non renseignée
La Garenne-Colombes,0,Aucun événement recensé,31.2,Imagine R - Île-de-France Mobilités
La Madeleine,0,Aucun événement recensé,Indisponible,Non renseignée
La Possession,0,Aucun événement recensé,Indisponible,Non renseignée
La Roche-sur-Yon,9,"La Roche dessous, Causette en goguette aux Tablées d’Été, Nous, les héros - Nuit de la Grande Sortie, L'événement, P'art-âge ton quartier  (du partage, des arts et des habitants de tout âge)",Indisponible,Non renseignée
La Rochelle,1,Conter en corps et encore !,Indisponible,Non renseignée
La Seyne-sur-Mer,4,"Artmacadam - Quand les fenêtres Mur Mur, Rêve Lune - Harp'Eho !, Rêve Lune - Merci nos aînés, Rêve Lune - Une aventure de Titin le lutin",Indisponible,Non renseignée
La Teste-de-Buch,5,"Stages de cirque au Komonò Circus, Festival Teste à Têtes, Les éclaireurs de Gascogne au Komonò Circus, Les déambulations cirque du Komonò, Le CEA Cesta au Komonò Circus",Indisponible,Non renseignée
La Valette-du-Var,0,Aucun événement recensé,Indisponible,Non renseignée
Lagny-sur-Marne,2,"L’Été culturel Des livres à soi, L'Été culturel 2024 dans les bibliothèques d'Île-de-France L'Abécédaire sportif et décalé",31.2,Imagine R - Île-de-France Mobilités
Lambersart,0,Aucun événement recensé,Indisponible,Non renseignée
Lanester,0,Aucun événement recensé,Indisponible,Non renseignée
Lannion,0,Aucun événement recensé,Indisponible,Non renseignée
Laon,0,Aucun événement recensé,Indisponible,Non renseignée
Laval,1,L'Été culturel Des livres à soi,Indisponible,Non renseignée
Le Blanc-Mesnil,3,"Les rendez-vous du parc Les quatre tours Blanc-Mesnil, Les rendez-vous du parc le blanc mesnil, Rendez-vous du parc au quartier Bournonville Blanc-Mesnil",31.2,Imagine R - Île-de-France Mobilités
Le Bouscat,0,Aucun événement recensé,Indisponible,Non renseignée
Le Cannet,0,Aucun événement recensé,Indisponible,Non renseignée
Le Chesnay-Rocquencourt,0,Aucun événement recensé,31.2,Imagine R - Île-de-France Mobilités
Le Creusot,1,La Caravane des Arts au Creusot,Indisponible,Non renseignée
Le Gosier,0,Aucun événement recensé,Indisponible,Non renseignée
Le Grand-Quevilly,0,Aucun événement recensé,Indisponible,Non renseignée
Le Havre,38,"Concert de Mind Watcher pour les Rendez-vous d'Arthur d'été, Atelier créatif ""magnets"" (7-10 ans), Concert de Lemon Far East pour les Rendez-vous d'Arthur d'été, Concert des musiciens de Saint-Julien pour les Rendez-vous d'Arthur d'été, Concert : Amedyez chante la Méditerranée pour les Rendez-vous d'Arthur d'été",Indisponible,Non renseignée
Le Kremlin-Bicêtre,0,Aucun événement recensé,31.2,Imagine R - Île-de-France Mobilités
Le Lamentin,0,Aucun événement recensé,Indisponible,Non renseignée
Le Mans,5,"La Caravane du Plongeoir au parc de Tessé, ""Donner voix au Voyage"" - Stage / création, rendez-vous contes de l'été, La Caravane du Plongeoir aux Sablons, La Caravane du Plongeoir au parc de l'Épine",Indisponible,Non renseignée
Le Mont-Dore,0,Aucun événement recensé,Indisponible,Non renseignée
Le Moule,0,Aucun événement recensé,Indisponible,Non renseignée
Le Perreux-sur-Marne,0,Aucun événement recensé,31.2,Imagine R - Île-de-France Mobilités
Le Petit-Quevilly,0,Aucun événement recensé,Indisponible,Non renseignée
Le Plessis-Robinson,0,Aucun événement recensé,31.2,Imagine R - Île-de-France Mobilités
Le Plessis-Trévise,0,Aucun événement recensé,31.2,Imagine R - Île-de-France Mobilités
Le Port,0,Aucun événement recensé,Indisponible,Non renseignée
Le Robert,0,Aucun événement recensé,Indisponible,Non renseignée
Le Tampon,0,Aucun événement recensé,Indisponible,Non renseignée
Lens,1,Atelier création collective de podcast,Indisponible,Non renseignée
Les Abymes,0,Aucun événement recensé,Indisponible,Non renseignée
Les Lilas,3,"L'été culturel et radiophonique 2024 de *Duuu : Les Yeux Élastiques, Spectacle participatif BOUM! / Collectif ussé inné",31.2,Imagine R - Île-de-France Mobilités
Les Mureaux,1,Concert Jardinal,31.2,Imagine R - Île-de-France Mobilités
Les Pavillons-sous-Bois,0,Aucun événement recensé,31.2,Imagine R - Île-de-France Mobilités
Les Pennes-Mirabeau,0,Aucun événement recensé,Indisponible,Non renseignée
Les Sables-d'Olonne,0,Aucun événement recensé,Indisponible,Non renseignée
Les Ulis,9,"Terrasse du Radazik - Concert Samira Brahmia, Cinéma en plein air - Film à définir, Cinéma en plein air - Mon Voisin Totoro, Terrasse du Radazik - Concert Miguel Gomez Orquesta, Terrasse du Radazik - Concert Jahkasa",31.2,Imagine R - Île-de-France Mobilités
Levallois-Perret,2,"Inauguration de l'exposition collaborative de l'été, Pique-nique urbain et DJ set avec Floriane Facchini & Cie",31.2,Imagine R - Île-de-France Mobilités
Libourne,0,Aucun événement recensé,Indisponible,Non renseignée
Lille,4,"Festival Microtopies 2024, Atelier - Décor exquis, Projection plein air - L’été animé des enfants, Un été créatif - Initiation Graff et Fresque participative",Indisponible,Non renseignée
Limeil-Brévannes,0,Aucun événement recensé,31.2,Imagine R - Île-de-France Mobilités
Limoges,4,"Comme une envie de danser le sport, Atelier théâtre et sport",Indisponible,Non renseignée
Lingolsheim,0,Aucun événement recensé,Indisponible,Non renseignée
Livry-Gargan,0,Aucun événement recensé,31.2,Imagine R - Île-de-France Mobilités
Liévin,0,Aucun événement recensé,Indisponible,Non renseignée
Longjumeau,2,"Une histoire de Carmen, l'arabo-andalouse, La Parade Olympique des Habitants",31.2,Imagine R - Île-de-France Mobilités
Loos,0,Aucun événement recensé,Indisponible,Non renseignée
Lorient,0,Aucun événement recensé,Indisponible,Non renseignée
Lormont,1,"Atelier : Après l'effort, le réconfort !",Indisponible,Non renseignée
Lunel,1,L’Été culturel Des livres à soi,Indisponible,Non renseignée
Lyon,27,"Spectacle ""Les Reveur-euses"", Diversions, BABEL RADIO LIVE, L'atelier des motifs - peinture et gommettes, Atelier Cuisine graphique",25.0,TCL
Maisons-Alfort,2,"les rendez-vous du parc Maisons-Alfort les juiliottes, Les rendez-vous du parc Maisons-alfort",31.2,Imagine R - Île-de-France Mobilités
Maisons-Laffitte,0,Aucun événement recensé,31.2,Imagine R - Île-de-France Mobilités
Malakoff,12,"Youtube club - atelier, Fabriquer son pain, Agora avec shed publishing et Shela Sheikh, Restitution résidence du collectif Adventices, Concert acoustique dans le cadre de ""Pelouse Secousses""",31.2,Imagine R - Île-de-France Mobilités
Mamoudzou,0,Aucun événement recensé,Indisponible,Non renseignée
Mandelieu-la-Napoule,0,Aucun événement recensé,Indisponible,Non renseignée
Manosque,1,L'Été culturel Des livres à soi,Indisponible,Non renseignée
Mantes-la-Jolie,11,"Atelier théâtre-clown - Ma ville rêvée, Clôture du Plein Été - Passage secret, Atelier arts plastique-danse-théâtre-musique-vidéo - Jolie’s Objets !, Laboratoire Déviation - Visite imaginaire de Mantes-la-Jolie, L’Été culturel Des livres à soi",31.2,Imagine R - Île-de-France Mobilités
Mantes-la-Ville,12,"Journée Culture, Exposition photo sur bâche, Diffusion court-métrage sur les JO, Stage Théâtre avec Théâtre aux éclats création, Atelier chorale et danse avec les centres de loisirs",31.2,Imagine R - Île-de-France Mobilités
Marcq-en-Barœul,0,Aucun événement recensé,Indisponible,Non renseignée
Marignane,0,Aucun événement recensé,Indisponible,Non renseignée
Marseille,34,"Danse autour de la création ""Dans la chambre de ma Grand-Mère"", Ateliers Cinématographiques Film flamme-Polygone étoilé, Métamorphoses - Atelier de création en danse, Mylène Lamugnière - Kelemenis&cie L'art du sport, Rouvrir le monde avec les jeunes diplômé·es de la Villa Arson - Margot Dusé & Flavie Loreau",Indisponible,Non renseignée
Martigues,0,Aucun événement recensé,Indisponible,Non renseignée
Massy,15,"Atelier sports sciences, Concert Jardinal, L'Abécédaire sportif et décalé, L’Été culturel Des livres à soi, Art, sport et photographie",31.2,Imagine R - Île-de-France Mobilités
Matoury,1,Atelier de danse hip-hop et krump,Indisponible,Non renseignée
Maubeuge,0,Aucun événement recensé,Indisponible,Non renseignée
Meaux,1,Projet photographique « Cartophote »,31.2,Imagine R - Île-de-France Mobilités
Melun,2,"Résonances Musicales | Quatuor Wassily au Centre de détention de Melun, Ateliers participatifs en archéologie, Centre social La Boussole",31.2,Imagine R - Île-de-France Mobilités
Menton,0,Aucun événement recensé,Indisponible,Non renseignée
Metz,3,"Olympiade Culturelle - La Pop Parade - Parade nautique exceptionnelle, Jeunes ESTivants 2024 - Julie Chevassut ""La vie, le souvenir, la plongée, le récit"" & l'association Octave Cowbell, Olympiade culturelle - Elévation",Indisponible,Non renseignée
Meudon,5,"Les ateliers d'Eté de La Source Garouste - Des Brillants - Atelier Textile, L'Été culturel 2024 dans les bibliothèques d'Île-de-France L'Abécédaire sportif et décalé, Les ateliers d'Eté de La Source Garouste - Des Brillants - Atelier Sculpture, Les ateliers d'Eté de La Source Garouste - Des Brillants - Atelier Modelage",31.2,Imagine R - Île-de-France Mobilités
Meyzieu,0,Aucun événement recensé,Indisponible,Non renseignée
Millau,0,Aucun événement recensé,Indisponible,Non renseignée
Miramas,5,"Cosmologie et mosaïque, MIRAMAS AUX RYTHMES DU KENYA - Été culturel / Résidence en Territoire, Sortie de résidence Winyo et Edward Kamau, La tête dans les étoiles, Restitution - Résidence MIRAMAS
AUX RYTHMES DU KENYA",Indisponible,Non renseignée
Mitry-Mory,0,Aucun événement recensé,31.2,Imagine R - Île-de-France Mobilités
Mons-en-Barœul,1,L’Été culturel Des livres à soi,Indisponible,Non renseignée
Mont-Saint-Aignan,0,Aucun événement recensé,Indisponible,Non renseignée
Mont-de-Marsan,0,Aucun événement recensé,Indisponible,Non renseignée
Montaigu-Vendée,0,Aucun événement recensé,Indisponible,Non renseignée
Montauban,0,Aucun événement recensé,Indisponible,Non renseignée
Montbéliard,0,Aucun événement recensé,Indisponible,Non renseignée
Montereau-Fault-Yonne,26,"Fête de la Pomme et des saveurs, Concert de l'Harmonie Royale d'Avelgem (Belgique), Zic'o Kiosque : BRS Band, Dimanche au Kiosque : Tony Calves, Concert Cuarteto Cubano",31.2,Imagine R - Île-de-France Mobilités
Montfermeil,0,Aucun événement recensé,31.2,Imagine R - Île-de-France Mobilités
Montgeron,2,"Doubles Jeux #03 (Sport et Cinéma en Essonne) – The Grandmaster de Wong Kar-wai - Soirée Avant-Match (Cinéma et Kung Fu), L'Abécédaire sportif et décalé",31.2,Imagine R - Île-de-France Mobilités
Montigny-le-Bretonneux,5,"Les artistes dans notre ville, Danse et équilibre en duo - Été en Sable x Ateliers, L'Été culturel 2024 dans les bibliothèques d'Île-de-France L'Abécédaire sportif et décalé, La danse fait ses jeux! Under Construction, version étendue - Une déambulation dansée.",31.2,Imagine R - Île-de-France Mobilités
Montigny-lès-Cormeilles,0,Aucun événement recensé,31.2,Imagine R - Île-de-France Mobilités
Montigny-lès-Metz,0,Aucun événement recensé,Indisponible,Non renseignée
Montluçon,1,#BVL24,Indisponible,Non renseignée
Montmorency,0,Aucun événement recensé,31.2,Imagine R - Île-de-France Mobilités
Montpellier,2,L’Été culturel Des livres à soi,Gratuit,Site officiel de Montpellier
Montreuil,25,"Moments suspendus - Atelier Après le sport, le cyanotype”, Roforofo Summer Camp : concert à la Maison de quartier Esperanto de Montreuil, Écouter sans les yeux - Lina Schlageter, Écouter sans les yeux - Carla Adra, Écouter sans les yeux - Liv Schulman",31.2,Imagine R - Île-de-France Mobilités
Montrouge,0,Aucun événement recensé,31.2,Imagine R - Île-de-France Mobilités
Montélimar,1,L’Été culturel Des livres à soi,Indisponible,Non renseignée
Morsang-sur-Orge,8,"Biblio'cycle, Spectacle « Top Chrono », À vos manettes !, Témoignage - conférence « Sport et Handicap »",31.2,Imagine R - Île-de-France Mobilités
Mulhouse,3,"Jeunes ESTivants 2024 - Jane Bidet ""Le Sport un art, en mouvement en rythmes"" & l'Espace Matisse, L’Été culturel Des livres à soi, Atelier Art visuel ""Cartes postales""",Indisponible,Non renseignée
Muret,0,Aucun événement recensé,Indisponible,Non renseignée
Mâcon,0,Aucun événement recensé,Indisponible,Non renseignée
Mérignac,1,Ateliers Nuit des Etoiles,Indisponible,Non renseignée
Nancy,4,"Jeunes ESTivants 2024 - Résidence ENSAD Nancy #5 & la Médiathèque du Haut-du-Lièvre à Nancy, Quartiers d'été - Le Memô, Jeunes ESTivants 2024 - Résidence ENSAD Nancy #1 & Museum-Aquarium de Nancy, Jeunes ESTivants 2024 - Résidence ENSAD Nancy #2 & Musée de l'Ecole de Nancy",Indisponible,Non renseignée
Nanterre,56,"La tête dans nos nuages, Atelier d'expression corporelle et plastique « Corps et espace urbain », OuVERTures / Pulcinella / Le Grand Feu, OuVERTures / TM+ / Rhythm Labyrinth, L'été de tous les sports",31.2,Imagine R - Île-de-France Mobilités
Nantes,37,"BREAKING LOCO, Fanfare d'enfants pour l'arrivée des bateaux, Rendez-vous aux pataugeoires, Projet participatif Ici Maintenant performance et atelier, Spectacle Bretelle et Garance",Indisponible,Non renseignée
Narbonne,1,Papel'Arts - Ateliers Artistiques et Scientifiques,Indisponible,Non renseignée
Neuilly-Plaisance,0,Aucun événement recensé,31.2,Imagine R - Île-de-France Mobilités
Neuilly-sur-Marne,0,Aucun événement recensé,31.2,Imagine R - Île-de-France Mobilités
Neuilly-sur-Seine,0,Aucun événement recensé,31.2,Imagine R - Île-de-France Mobilités
Nevers,0,Aucun événement recensé,Indisponible,Non renseignée
Nice,15,"Rouvrir le monde avec les jeunes diplômé·es de la Villa Arson - Louise Gendry, Rouvrir le monde avec les jeunes diplômé·es de la Villa Arson - Bastienne Waultier, Atelier artistique autour du corps, Rouvrir le monde avec les jeunes diplômé·es de la Villa Arson - Nicole Demichelis, Rouvrir le monde avec les jeunes diplômé·es de la Villa Arson - Caroline Vergote - - Coudournac",Indisponible,Non renseignée
Niort,0,Aucun événement recensé,Indisponible,Non renseignée
Nogent-sur-Marne,1,Sonorisation d'archives de l'INSEP,31.2,Imagine R - Île-de-France Mobilités
Nogent-sur-Oise,0,Aucun événement recensé,Indisponible,Non renseignée
Noisy-le-Grand,1,L’Été culturel Des livres à soi,31.2,Imagine R - Île-de-France Mobilités
Noisy-le-Sec,3,"Les Rendez-vous du parc, Terre, air, feu : Atelier « oriflamme », Spectacle Cheb in Situ / Filipe Lourenço",31.2,Imagine R - Île-de-France Mobilités
Nouméa,0,Aucun événement recensé,Indisponible,Non renseignée
Nîmes,1,L’Été culturel Des livres à soi,Indisponible,Non renseignée
Olivet,0,Aucun événement recensé,Indisponible,Non renseignée
Orange,0,Aucun événement recensé,Indisponible,Non renseignée
Orly,1,L'Été culturel 2024 dans les bibliothèques d'Île-de-France L'Abécédaire sportif et décalé,31.2,Imagine R - Île-de-France Mobilités
Orléans,1,"Intervention ""Escapade culturelle dans les jardins""",Indisponible,Non renseignée
Orvault,1,Spectacle Bretelle et Garance,Indisponible,Non renseignée
Oullins-Pierre-Bénite,0,Aucun événement recensé,Indisponible,Non renseignée
Oyonnax,0,Aucun événement recensé,Indisponible,Non renseignée
Ozoir-la-Ferrière,0,Aucun événement recensé,31.2,Imagine R - Île-de-France Mobilités
Palaiseau,1,CAMINI / Arte In Giru,31.2,Imagine R - Île-de-France Mobilités
Pantin,4,"Résonances Musicales | Concert du Quatuor Galilée à (Re)trouvailles, Un été hors les murs - Artagon Pantin, performance de l'artiste Joseph Schiano di Lombo, Un été hors les murs - Artagon Pantin, performance de l'artiste Nefeli Papadimouli, Juste un fil - Mourad Merzouki, Académie Fratellini",31.2,Imagine R - Île-de-France Mobilités
Papeete,0,Aucun événement recensé,Indisponible,Non renseignée
Paris,217,"Croisière Jonglée, Bal Swing, Cours de Zumba – Siddy Leal, Cours de Pilates Booty – Julie Pujols-Benoit, Cours de Gym Suédoise – Swedish Fit",31.2,Imagine R - Île-de-France Mobilités
Pau,2,"Prenez-en de la graine !, Le Grand Banquet Berlioz",Indisponible,Non renseignée
Païta,0,Aucun événement recensé,Indisponible,Non renseignée
Perpignan,1,Découverte de la culture catalane/ Festival Rumba Na Ma,Indisponible,Non renseignée
Pessac,0,Aucun événement recensé,Indisponible,Non renseignée
Petit-Bourg,0,Aucun événement recensé,Indisponible,Non renseignée
Plaisance-du-Touch,0,Aucun événement recensé,Indisponible,Non renseignée
Plaisir,10,"Danse et équilibre en duo, Cinéma en plein air - Astérix & Obélix, l'empire du milieu, Stage de danse hip-hop, Archéo'Vacances : « Les fouilles paléolithiques », La danse fait ses jeux! Under Construction, version étendue - Une déambulation dansée du Valibout au Château de Plaisir.",31.2,Imagine R - Île-de-France Mobilités
Poissy,21,"La Lumop en mode estival, Atelier d'illustration - Lionel Serre
Invente un sport pour les prochains JO, Un été culturel à Poissy : la Fête du jeu, Passage de la Flamme Olympique : Kiosque Culture, Passage de la Flamme Olympique : Animation Live-painting",31.2,Imagine R - Île-de-France Mobilités
Poitiers,3,"Musicaltruisme, La Grand'Goule en vadrouille : entre créatures... et créations !",Indisponible,Non renseignée
Pontault-Combault,7,"Connivences - Pass' Dans la Rue, Zig Zag - Pass' Dans la Rue, Projet Photographique « Cartophote », Seul.e.s, Pont'Ô Summer Dance 2024",31.2,Imagine R - Île-de-France Mobilités
Pontoise,14,"Spectacle « Rec.on(struction) », Spectacle de cirque ""Objectif Vegas"", Spectacle de cirque, Olympia • Cie Pôle K, Diambar",31.2,Imagine R - Île-de-France Mobilités
Punaauia,0,Aucun événement recensé,Indisponible,Non renseignée
Puteaux,0,Aucun événement recensé,31.2,Imagine R - Île-de-France Mobilités
Périgueux,0,Aucun événement recensé,Indisponible,Non renseignée
Quimper,0,Aucun événement recensé,Indisponible,Non renseignée
Rambouillet,4,"Les voyages du mercredi, Sortie culturelle : Spectacle ""Les Touristes""",31.2,Imagine R - Île-de-France Mobilités
Reims,13,"Kermesses Circassiennes, Jeunes ESTivants 2024 - Camille Meyer et Pauline Morel ""To be continued"" & La Boussole, Jeunes ESTivants 2024 - Collectif Toter Winkel ""De l'autre côté, le monde"" & Le Jardin Parallèle, Partir en Livre 2024 - Atelier Carapaces à plumes - Gaëlle Allart, Partir en Livre 2024 - Atelier Poésie Typolino - Noémie Mahieux",Indisponible,Non renseignée
Remire-Montjoly,0,Aucun événement recensé,Indisponible,Non renseignée
Rennes,8,"Stages théâtre, la Cérémonie d'ouverture, ESCALES BAROQUES - Sonates Violon et clavecin, ESCALES BAROQUES - À la cour de Louis XIV, Coup d'envoi des Olympiades du Banquet Céleste",18.92,STAR
Rezé,2,"Atelier + Spectacle Bretelle et Garance, Ateliers immersifs ""La Boît'à Sieste""",Indisponible,Non renseignée
Rillieux-la-Pape,1,"Spectacle ""Les Reveur-euses""",Indisponible,Non renseignée
Ris-Orangis,4,"Ris en Seine 2ème édition / Culture 360, Roforofo Summer Camp : concert au Festival Ris en Seine, Ris en Seine (2ème édition), Palc au Plateau",31.2,Imagine R - Île-de-France Mobilités
Roanne,1,Graines d'Artistes 2024,Indisponible,Non renseignée
Rochefort,1,"""Murmures d'éveilleurs""",Indisponible,Non renseignée
Rodez,0,Aucun événement recensé,Indisponible,Non renseignée
Roissy-en-Brie,0,Aucun événement recensé,31.2,Imagine R - Île-de-France Mobilités
Romainville,2,"Le 9.3 prend ses Grands Airs !, Terre, air, feu : Atelier « oriflamme »",31.2,Imagine R - Île-de-France Mobilités
Romans-sur-Isère,1,Récital Bel Canto a Napoli,Indisponible,Non renseignée
Rosny-sous-Bois,0,Aucun événement recensé,31.2,Imagine R - Île-de-France Mobilités
Roubaix,1,"Atelier de collecte de souvenirs ""D'ici et de là bas""",Indisponible,Non renseignée
Rouen,12,"Résidence Soudain l'été prochain : Charlotte Attal, Atelier créatif ""Se raconter, se rencontrer"", Lecture musicale, portraits croqués et dédicace avec Eva Chatelain, Atelier créatif ""Au fil de l'encre"", Atelier créatif : ""Illustrons ces rencontres""",Indisponible,Non renseignée
Rueil-Malmaison,0,Aucun événement recensé,31.2,Imagine R - Île-de-France Mobilités
Saint-André,0,Aucun événement recensé,Indisponible,Non renseignée
Saint-Benoît,0,Aucun événement recensé,Indisponible,Non renseignée
Saint-Brieuc,0,Aucun événement recensé,Indisponible,Non renseignée
Saint-Chamond,1,Itinérance Théâtrale Loire 2024,Indisponible,Non renseignée
Saint-Cloud,0,Aucun événement recensé,31.2,Imagine R - Île-de-France Mobilités
Saint-Cyr-l'École,0,Aucun événement recensé,31.2,Imagine R - Île-de-France Mobilités
Saint-Denis,3,"Spectacle de cirque ""Passages"", L’Été culturel Des livres à soi, Spectacle ""Signatures""",31.2,Imagine R - Île-de-France Mobilités
Saint-Denis,3,"Spectacle de cirque ""Passages"", L’Été culturel Des livres à soi, Spectacle ""Signatures""",Indisponible,Non renseignée
Saint-Denis,3,"Spectacle de cirque ""Passages"", L’Été culturel Des livres à soi, Spectacle ""Signatures""",31.2,Imagine R - Île-de-France Mobilités
Saint-Denis,3,"Spectacle de cirque ""Passages"", L’Été culturel Des livres à soi, Spectacle ""Signatures""",Indisponible,Non renseignée
Saint-Dizier,2,"Jeunes ESTivants 2024 - Shama Andrea Visini ""Dans la mémoire des chimères""  & la commune de Saint-Dizier, La Fabrique du livre jeunesse #5_Atelier avec Lène Mordin",Indisponible,Non renseignée
Saint-Genis-Laval,1,Atelier de Cerf-volant : fabrication et de manipulation,Indisponible,Non renseignée
Saint-Germain-en-Laye,42,"Storytime for kids in english, Les belles lectures du Bel-Air plage, Atelier Flocage, Atelier écharpe de supporter, Pop Dance",31.2,Imagine R - Île-de-France Mobilités
Saint-Gratien,0,Aucun événement recensé,31.2,Imagine R - Île-de-France Mobilités
Saint-Herblain,2,"Joueuses : Théâtre football Club, Stage de slam féminin : Raconte ta life !",Indisponible,Non renseignée
Saint-Jean-de-Braye,2,"Intervention ""Escapade culturelle dans les jardins"", Ateliers Créatifs",Indisponible,Non renseignée
Saint-Joseph,0,Aucun événement recensé,Indisponible,Non renseignée
Saint-Laurent-du-Maroni,0,Aucun événement recensé,Indisponible,Non renseignée
Saint-Laurent-du-Var,3,"Rouvrir le monde avec les jeunes diplômé·es de la Villa Arson - Capucine De Warren, Rouvrir le monde avec les jeunes diplômé·es de la Villa Arson - Léon Nullans, Rouvrir le monde avec les jeunes diplômé·es de la Villa Arson - Claire Bouffay",Indisponible,Non renseignée
Saint-Leu,0,Aucun événement recensé,Indisponible,Non renseignée
Saint-Louis,1,"Jeunes ESTivants 2024 - Cie Sept heures d'avance ""La Métamorphose"" & Ecluse 12",Indisponible,Non renseignée
Saint-Louis,1,"Jeunes ESTivants 2024 - Cie Sept heures d'avance ""La Métamorphose"" & Ecluse 12",Indisponible,Non renseignée
Saint-Louis,1,"Jeunes ESTivants 2024 - Cie Sept heures d'avance ""La Métamorphose"" & Ecluse 12",Indisponible,Non renseignée
Saint-Louis,1,"Jeunes ESTivants 2024 - Cie Sept heures d'avance ""La Métamorphose"" & Ecluse 12",Indisponible,Non renseignée
Saint-Malo,0,Aucun événement recensé,Indisponible,Non renseignée
Saint-Mandé,1,Écouter sans les yeux - Mélanie Blaison,31.2,Imagine R - Île-de-France Mobilités
Saint-Martin,0,Aucun événement recensé,Indisponible,Non renseignée
Saint-Martin-d'Hères,0,Aucun événement recensé,Indisponible,Non renseignée
Saint-Maur-des-Fossés,1,Quartier-fictions,31.2,Imagine R - Île-de-France Mobilités
Saint-Michel-sur-Orge,7,"Témoignage - conférence « Sport et handicap », Lectures, Retransmission des épreuves des Jeux Paralympiques de Paris 2024, Tournoi « Just Dance », Retransmission des épreuves des Jeux Olympiques de Paris 2024",31.2,Imagine R - Île-de-France Mobilités
Saint-Médard-en-Jalles,0,Aucun événement recensé,Indisponible,Non renseignée
Saint-Nazaire,12,"Ateliers La Source, Circothèque itinérante à la MQ de Méan Penhoet de Saint-Nazaire, ATELIER ""Micro-architectures"" avec Danny Steve, Circothèque et Spectacle FAIS COMME L'OISEAU à la maison de quartier d'Avalix pour hop hop hop, ATELIER “ Fresque murale “ avec Anna Picco",Indisponible,Non renseignée
Saint-Ouen-l'Aumône,8,"Auto-studio, Spectacle de cirque « To Bee Queen » de la compagnie La Butineuse, Spectacle de cirque « Noss Noss », Spectacle de cirque « Vertiges » de la compagnie Amare, Nosfell",31.2,Imagine R - Île-de-France Mobilités
Saint-Ouen-sur-Seine,0,Aucun événement recensé,31.2,Imagine R - Île-de-France Mobilités
Saint-Paul,0,Aucun événement recensé,Indisponible,Non renseignée
Saint-Pierre,0,Aucun événement recensé,25.0,Wikipedia-Alternéo
Saint-Priest,0,Aucun événement recensé,Indisponible,Non renseignée
Saint-Quentin,0,Aucun événement recensé,Indisponible,Non renseignée
Saint-Raphaël,0,Aucun événement recensé,Indisponible,Non renseignée
Saint-Sébastien-sur-Loire,0,Aucun événement recensé,Indisponible,Non renseignée
Saint-Étienne,3,"Fabrique Collective Compagnie litécox, Festival Faire l'été #5, Itinérance Théâtrale Loire 2024",Indisponible,Non renseignée
Saint-Étienne-du-Rouvray,0,Aucun événement recensé,Indisponible,Non renseignée
Sainte-Anne,0,Aucun événement recensé,Indisponible,Non renseignée
Sainte-Foy-lès-Lyon,0,Aucun événement recensé,Indisponible,Non renseignée
Sainte-Geneviève-des-Bois,8,"Championnat du monde d'aquatisme - Cie La Bugne, Ateliers Collage street art, Lectures hors les murs, Culture 360 au Aggl'Olympics, Atelier ""Plongeurs""",31.2,Imagine R - Île-de-France Mobilités
Sainte-Marie,0,Aucun événement recensé,Indisponible,Non renseignée
Sainte-Suzanne,0,Aucun événement recensé,Indisponible,Non renseignée
Saintes,3,"LA PLAINE EN FETE, Inauguration ""Le Logis des artistes"", Ateliers musicaux ""Le Logis des artistes""",Indisponible,Non renseignée
Salon-de-Provence,2,"Art en Mouvement, Atelier Patrouille de France en EPhad",Indisponible,Non renseignée
Sannois,2,"CONCERT DE DANYL, Martine Patine",31.2,Imagine R - Île-de-France Mobilités
Sarcelles,10,"Atelier théâtre intergénérationnel : prendre racine, Installation interactive : Largo très lent et ample, Visite du jardin pédagogique de Sarcelles, Festival « Les PolyKromies de Sarcelles », Contes au jardin: le conteur est dans le pré",31.2,Imagine R - Île-de-France Mobilités
Sarreguemines,1,La Fabrique du livre jeunesse #5_Rencontre avec Inky,Indisponible,Non renseignée
Sartrouville,0,Aucun événement recensé,31.2,Imagine R - Île-de-France Mobilités
Saumur,4,"Troglotrott, Pétillant pique-nique, Apéro concert, Journées du Patrimoine chez Gratien & Meyer",Indisponible,Non renseignée
Savigny-le-Temple,4,"L'Estivale - Spectacle-nomade, Paerish + Oakman + Two Trains Left, Ayron Jones + Kristel, Apéro Metal Final #14 : Black Bomb A + Dagara + Despite The End + Kptn N3mo + Ogma",31.2,Imagine R - Île-de-France Mobilités
Savigny-sur-Orge,8,"Stage de création lumière et vidéo projection, Découverte du Théâtre, Concert Rap Alternatif - Keytan - NR - Kofi, Art et Nature, Capsule Estivale à Grand Vaux",31.2,Imagine R - Île-de-France Mobilités
Sceaux,0,Aucun événement recensé,31.2,Imagine R - Île-de-France Mobilités
Schiltigheim,0,Aucun événement recensé,Indisponible,Non renseignée
Sens,0,Aucun événement recensé,Indisponible,Non renseignée
Sevran,0,Aucun événement recensé,31.2,Imagine R - Île-de-France Mobilités
Six-Fours-les-Plages,1,Kokerboom - Qui est-ce sous ma peau ?,Indisponible,Non renseignée
Soissons,1,L’Été culturel Des livres à soi,Indisponible,Non renseignée
Sotteville-lès-Rouen,6,"Vingt ans : Entre rêves et souvenirs, Vingt ans : Entre rêves et souvenirs (6-10 ans), Vingt ans : Entre rêves et souvenirs (11-17 ans), Résidence ""Soudain l'été prochain"" : Lauralie Naumann, Vingt ans : Entre rêves et souvenirs (à partir de 15 ans)",Indisponible,Non renseignée
Stains,1,Rendez-vous du parc Stains,31.2,Imagine R - Île-de-France Mobilités
Strasbourg,4,"Jeunes ESTivants 2024 - Fugue 31 ""Mais ça j'y reviendrai (portrait d'Ysanis)"" & La Pokop, Jeunes ESTivants 2024 - Giuseppina Comito ""Intérieur/s"" & la Trézorerie, JM France - Mes vacances musicales avec Mathias Romang, Jeunes ESTivants 2024 - Jeanne Didot ""Chère Natalie"" & la Grenze",Indisponible,Non renseignée
Sucy-en-Brie,0,Aucun événement recensé,31.2,Imagine R - Île-de-France Mobilités
Suresnes,0,Aucun événement recensé,31.2,Imagine R - Île-de-France Mobilités
Sète,0,Aucun événement recensé,Indisponible,Non renseignée
Sèvremoine,0,Aucun événement recensé,Indisponible,Non renseignée
Sèvres,0,Aucun événement recensé,31.2,Imagine R - Île-de-France Mobilités
Talence,0,Aucun événement recensé,Indisponible,Non renseignée
Tarbes,0,Aucun événement recensé,Indisponible,Non renseignée
Tassin-la-Demi-Lune,4,"Ateliers chant et découverte de l'opéra, Concert piano / voix, Concert Les Noces de Figaro, Répétition ouverte - rencontre",Indisponible,Non renseignée
Taverny,0,Aucun événement recensé,31.2,Imagine R - Île-de-France Mobilités
Thiais,0,Aucun événement recensé,31.2,Imagine R - Île-de-France Mobilités
Thionville,1,"Jeunes ESTivants 2024 - April Tacchini ""Fanzine multi technique"" & le centre Le Lierre",Indisponible,Non renseignée
Thonon-les-Bains,0,Aucun événement recensé,Indisponible,Non renseignée
Torcy,1,Seul.e.s,31.2,Imagine R - Île-de-France Mobilités
Toulon,5,"Vues de points, Vertiges - Magistral.e.s, Ridzcompagnie - Isicathulo, Global Art - Portraits poétiques",Indisponible,Non renseignée
Toulouse,5,"L’Été culturel Des livres à soi, Ateliers d'écriture, L'Été culturel Des livres à soi",Indisponible,Non renseignée
Tourcoing,1,Projection plein air - L’été animé des enfants,Indisponible,Non renseignée
Tournefeuille,0,Aucun événement recensé,Indisponible,Non renseignée
Tours,4,"Atelier projection de courts métrages ""Musique & Danse"", Atelier projection de courts métrages, Atelier histoire et métiers du cinéma, Tournée Déter : Sulka + Amande + Medra + Amari Natura (concerts)",Indisponible,Non renseignée
Trappes,6,"Archéo'Vacances : «Écrire en Égypte», L'Été culturel 2024 dans les bibliothèques d'Île-de-France L'Abécédaire sportif et décalé, La danse fait ses jeux! Under Construction, version étendue - Une déambulation dansée, Breaking en Herbe, Les artistes dans notre ville",31.2,Imagine R - Île-de-France Mobilités
Tremblay-en-France,0,Aucun événement recensé,31.2,Imagine R - Île-de-France Mobilités
Troyes,2,"Jeunes ESTivants 2024 - Charly Bechaimont ""Identités multiples"" & Passages, Jeunes ESTivants 2024 - Cie Désor!entée ""Laboratoire Paysan en Pays d'Othe"" & le Théatre de la Madeleine",Indisponible,Non renseignée
Valence,0,Aucun événement recensé,Indisponible,Non renseignée
Valenciennes,1,Mes vacances musicales avec Mathieu Vantorre,Indisponible,Non renseignée
Vallauris,0,Aucun événement recensé,Indisponible,Non renseignée
Vandœuvre-lès-Nancy,1,Jeunes ESTivants 2024 - Résidence ENSAD Nancy #4 & Médiathèque Jules Verne,Indisponible,Non renseignée
Vannes,0,Aucun événement recensé,25.5,Wikipedia-Vannes
Vanves,1,L'Abécédaire sportif et décalé,31.2,Imagine R - Île-de-France Mobilités
Vaulx-en-Velin,0,Aucun événement recensé,Indisponible,Non renseignée
Vernon,2,"Ateliers plastiques proposés par La Cabane au Quartier La Batoude, L’Été culturel Des livres à soi",Indisponible,Non renseignée
Versailles,0,Aucun événement recensé,31.2,Imagine R - Île-de-France Mobilités
Vertou,0,Aucun événement recensé,Indisponible,Non renseignée
Vichy,1,Fir Hitzik - la via allier à bicyclette - Musik tour à vélo,Indisponible,Non renseignée
Vienne,1,Un oiseau sur un fil,Indisponible,Non renseignée
Vierzon,0,Aucun événement recensé,Indisponible,Non renseignée
Vigneux-sur-Seine,1,Rendez-vous du parc Vigneux sur seine,31.2,Imagine R - Île-de-France Mobilités
Villefranche-sur-Saône,0,Aucun événement recensé,Indisponible,Non renseignée
Villejuif,34,"Stage musique : Imagina'son, Stage Art : Vitrail, Stage Art : Voyage au cœur des cinq continents » Tour du monde en cinq jours., Stage Art : Modelage olympique !, Stage Art : Sculptez et modalisez votre réalité !",31.2,Imagine R - Île-de-France Mobilités
Villemomble,0,Aucun événement recensé,31.2,Imagine R - Île-de-France Mobilités
Villenave-d'Ornon,0,Aucun événement recensé,Indisponible,Non renseignée
Villeneuve-Saint-Georges,5,"Restitution - Danser et rêver le sport au sein de l'espace public, L’Été culturel Des livres à soi, Danser et rêver le sport au sein de l'espace public, L'Été culturel 2024 dans les bibliothèques d'Île-de-France L'Abécédaire sportif et décalé",31.2,Imagine R - Île-de-France Mobilités
Villeneuve-d'Ascq,1,Silence ! On tourne,Indisponible,Non renseignée
Villeneuve-la-Garenne,8,"Spectacle de cirque avec les COLOKOLO, Maya Kamaty en concert, Concert de Buona sera, Basket Show, Stage de gospel",31.2,Imagine R - Île-de-France Mobilités
Villeneuve-le-Roi,0,Aucun événement recensé,31.2,Imagine R - Île-de-France Mobilités
Villeneuve-sur-Lot,0,Aucun événement recensé,Indisponible,Non renseignée
Villeparisis,0,Aucun événement recensé,31.2,Imagine R - Île-de-France Mobilités
Villepinte,1,L’Été culturel Des livres à soi,31.2,Imagine R - Île-de-France Mobilités
Villeurbanne,18,"Notre société connaît des mutations. Il nous faut donc trouver un certain équilibre pour favoriser le faire ensemble., CINÉMA EN PLEIN AIR | Buzz l'éclair, Urban Arts Academy fait ESQAL, CINÉMA EN PLEIN AIR | Indiana Jones et le cadran de la destinée, ""Des Fleurs"" par la compagnie De l'âme à la vague",Indisponible,Non renseignée
Villiers-le-Bel,12,"La Roulotte des contes - Compagnie Piloucha, Olympiades circassiennes, À ciel ouvert  - Spectacle à voir en famille entièrement gratuit (récits, danse et manipulation d'objets), Atelier stop motion - Hors les murs, Minilab de la micro folie ""Hors les murs",31.2,Imagine R - Île-de-France Mobilités
Villiers-sur-Marne,0,Aucun événement recensé,31.2,Imagine R - Île-de-France Mobilités
Vincennes,0,Aucun événement recensé,31.2,Imagine R - Île-de-France Mobilités
Viry-Châtillon,1,Doubles Jeux #03 - Les cinq vies de Ladji de Thomas Zribi et Fabien Duflos - Rencontre avec Ladji Doucouré,31.2,Imagine R - Île-de-France Mobilités
Vitrolles,1,"Résidence et ateliers ""Le petit peuple""",Indisponible,Non renseignée
Vitry-sur-Seine,23,"Les MAC VALympiques -  Exposition ""Trophées / Trop Faits"", Les MAC VALympiques - Exposition et performance ""Tripple Dribble"" de Julia Borderie, SPORTS - Création théâtrale collective dans le cadre du temps fort T.A.S.T.E!, Terre, air, feu : Atelier « oriflamme », Les Yourtes dans ma Ville à Vitry-sur-Seine / Colonel Fabien",31.2,Imagine R - Île-de-France Mobilités
Voiron,1,L’Été culturel Des livres à soi,Indisponible,Non renseignée
Vélizy-Villacoublay,0,Aucun événement recensé,31.2,Imagine R - Île-de-France Mobilités
Vénissieux,2,BABEL RADIO LIVE,Indisponible,Non renseignée
Wasquehal,0,Aucun événement recensé,Indisponible,Non renseignée
Wattrelos,0,Aucun événement recensé,Indisponible,Non renseignée
Yerres,0,Aucun événement recensé,31.2,Imagine R - Île-de-France Mobilités
Échirolles,1,L’Été culturel Des livres à soi,Indisponible,Non renseignée
Élancourt,0,Aucun événement recensé,31.2,Imagine R - Île-de-France Mobilités
Épernay,3,"Partir en Livre 2024 - Atelier Carapaces à plumes - Gaëlle Allart, La Fabrique du livre jeunesse #5_Atelier avec Nadège Viel, L’Été culturel Des livres à soi",Indisponible,Non renseignée
Épinal,2,"Jeunes ESTivants 2024 - Louise Laurent ""Habiter la forêt"" & Les Francas des Vosges, Jeunes ESTivants 2024 - Studio Echelle Un ""Les Communs"" & la FMS d'Epinal",Indisponible,Non renseignée
Épinay-sur-Seine,14,"Spectacle : « La Reine vs. Blanche-Neige », Initiation au karaté, Atelier peinture murale participatif/collectif #1, Portraits photographiques, Initiation à la musique électronique",31.2,Imagine R - Île-de-France Mobilités
Étampes,7,"Doubles Jeux #03 (Sport et Cinéma en Essonne) – When We Were Kings de Léon Gast – Avant Match (Cinéma et boxe), Atelier « Gestes en mouvement », Ateliers scientifiques, Atelier ""Les 5 Sens"", ""Vernailles s'enjaille""",31.2,Imagine R - Île-de-France Mobilités
Évreux,4,"Résidence ""Soudain l'été prochain"" : Paul Lepetit, Résidence ""Soudain l'été prochain"" : Charlotte Delval, Résidence ""Soudain l'été prochain"" : Loïc Leclercq, Résidence ""Soudain l'été prochain"" : Alexie Turgis",Indisponible,Non renseignée
Évry-Courcouronnes,3,"L'Estivale - Spectacle-nomade, Concert Jardinal, Olympic Box",31.2,Imagine R - Île-de-France Mobilités
